UserName,DateTime,FilesChange
khaidv123,2023-05-22 09:12:00,2
khaidv123,2023-05-22 09:09:36,1
khaidv123,2023-05-22 09:09:17,1
khaidv123,2023-05-22 09:06:47,1
khaidv123,2023-05-22 09:04:00,2
khaidv123,2023-05-21 09:10:33,2
khaidv123,2023-05-21 08:48:55,1
khaidv123,2023-05-19 14:57:59,1
khaidv123,2023-05-19 14:19:30,6
khaidv123,2023-05-19 14:11:35,17
khaidv123,2023-05-19 09:55:23,18
khaidv123,2023-05-18 17:59:02,1
khaidv123,2023-05-18 17:57:18,17
khaidv123,2023-05-15 16:44:38,40
khaidv123,2023-05-15 16:40:25,10
khaidv123,2023-05-14 16:49:02,1
khaidv123,2023-05-14 16:46:58,9
khaidv123,2023-05-12 02:35:29,1
khaidv123,2023-05-12 01:25:23,1
khaidv123,2023-05-12 01:23:23,8
khaidv123,2023-05-11 12:59:23,9
khaidv123,2023-05-08 10:19:12,1
khaidv123,2023-05-08 09:28:46,2
khaidv123,2023-05-08 09:26:57,2
khaidv123,2023-05-08 09:21:27,9
khaidv123,2023-05-05 07:33:58,1
khaidv123,2023-05-05 07:04:16,8
khaidv123,2023-04-28 07:49:59,1
khaidv123,2023-04-28 07:45:22,3
khaidv123,2023-04-28 07:33:44,1
khaidv123,2023-04-28 07:14:59,1
khaidv123,2023-04-28 07:10:21,2
khaidv123,2023-04-28 06:51:43,1
khaidv123,2023-04-28 06:08:34,1
khaidv123,2023-04-28 06:05:17,2
khaidv123,2023-04-24 10:48:02,13
khaidv123,2023-04-21 08:40:53,5
khaidv123,2023-04-21 08:21:35,8
khaidv123,2023-04-17 04:15:19,18
NguyenManhAI,2023-05-22 09:15:10,2
NguyenManhAI,2023-05-22 09:09:36,1
NguyenManhAI,2023-05-22 09:06:47,1
NguyenManhAI,2023-05-22 09:04:00,2
NguyenManhAI,2023-05-19 06:13:13,1
NguyenManhAI,2023-05-19 06:04:59,18
NguyenManhAI,2023-05-18 17:59:02,1
NguyenManhAI,2023-05-18 17:57:18,17
NguyenManhAI,2023-05-15 14:50:18,1
NguyenManhAI,2023-05-15 10:33:33,4
NguyenManhAI,2023-05-15 09:14:15,10
NguyenManhAI,2023-05-14 16:49:02,1
NguyenManhAI,2023-05-14 16:46:58,9
NguyenManhAI,2023-05-12 16:00:03,2
NguyenManhAI,2023-05-12 06:23:57,10
NguyenManhAI,2023-05-12 02:35:29,1
NguyenManhAI,2023-05-12 01:25:23,1
NguyenManhAI,2023-05-12 01:23:23,8
NguyenManhAI,2023-05-11 12:59:23,9
NguyenManhAI,2023-05-08 10:57:38,2
NguyenManhAI,2023-05-08 10:19:12,1
NguyenManhAI,2023-05-08 09:55:04,1
NguyenManhAI,2023-05-08 09:52:55,18
NguyenManhAI,2023-05-08 09:28:46,2
NguyenManhAI,2023-05-08 09:26:57,2
NguyenManhAI,2023-05-08 09:21:27,9
NguyenManhAI,2023-05-05 07:33:58,1
NguyenManhAI,2023-05-05 07:04:16,8
NguyenManhAI,2023-04-28 07:49:59,1
NguyenManhAI,2023-04-28 07:45:22,3
NguyenManhAI,2023-04-28 07:33:44,1
NguyenManhAI,2023-04-28 07:14:59,1
NguyenManhAI,2023-04-28 07:10:21,2
NguyenManhAI,2023-04-28 06:51:43,1
NguyenManhAI,2023-04-28 06:08:34,1
NguyenManhAI,2023-04-28 06:05:17,2
NguyenManhAI,2023-04-24 10:48:02,13
NguyenManhAI,2023-04-21 08:40:53,5
NguyenManhAI,2023-04-21 08:21:35,8
NguyenManhAI,2023-04-17 04:15:19,18
trnamanh12,2023-05-22 09:15:25,2
trnamanh12,2023-05-22 09:09:36,1
trnamanh12,2023-05-22 09:06:47,1
trnamanh12,2023-05-22 09:04:00,2
trnamanh12,2023-05-19 04:50:09,1
trnamanh12,2023-05-19 04:37:04,13
trnamanh12,2023-05-19 04:33:15,1
trnamanh12,2023-05-19 04:32:15,1
trnamanh12,2023-05-19 04:30:50,27
trnamanh12,2023-05-18 17:59:02,1
trnamanh12,2023-05-18 17:57:18,17
trnamanh12,2023-05-14 16:49:02,1
trnamanh12,2023-05-14 16:46:58,9
trnamanh12,2023-05-12 09:43:26,1
trnamanh12,2023-05-12 06:24:49,8
trnamanh12,2023-05-12 06:24:02,0
trnamanh12,2023-05-12 02:35:29,1
trnamanh12,2023-05-12 01:25:23,1
trnamanh12,2023-05-12 01:23:23,8
trnamanh12,2023-05-11 12:59:23,9
trnamanh12,2023-05-08 11:16:22,3
trnamanh12,2023-05-08 10:19:12,1
trnamanh12,2023-05-08 09:28:46,2
trnamanh12,2023-05-08 09:26:57,2
trnamanh12,2023-05-08 09:21:27,9
trnamanh12,2023-05-05 07:33:58,1
trnamanh12,2023-05-05 07:04:16,8
trnamanh12,2023-04-28 07:49:59,1
trnamanh12,2023-04-28 07:45:22,3
trnamanh12,2023-04-28 07:33:44,1
trnamanh12,2023-04-28 07:14:59,1
trnamanh12,2023-04-28 07:10:21,2
trnamanh12,2023-04-28 06:51:43,1
trnamanh12,2023-04-28 06:08:34,1
trnamanh12,2023-04-28 06:05:17,2
trnamanh12,2023-04-24 10:48:02,13
trnamanh12,2023-04-21 08:40:53,5
trnamanh12,2023-04-21 08:21:35,8
trnamanh12,2023-04-17 04:15:19,18
cpython219,2023-05-19 15:16:37,1
cpython219,2023-05-19 15:12:50,1
cpython219,2023-05-19 15:09:15,1
cpython219,2023-05-19 15:03:10,1
cpython219,2023-05-19 14:55:56,2
cpython219,2023-05-19 14:46:27,2
cpython219,2023-05-19 14:42:56,1
cpython219,2023-05-19 14:32:45,17
cpython219,2023-05-19 14:31:50,20
cpython219,2023-05-19 14:22:31,1
cpython219,2023-05-19 14:19:22,17
cpython219,2023-05-19 06:32:31,20
cpython219,2023-05-18 17:59:02,1
cpython219,2023-05-18 17:57:18,17
cpython219,2023-05-16 08:43:31,2
cpython219,2023-05-15 17:57:19,14
cpython219,2023-05-15 16:17:57,1
cpython219,2023-05-14 16:49:02,1
cpython219,2023-05-14 16:46:58,9
cpython219,2023-05-12 15:37:49,9
cpython219,2023-05-12 15:34:02,1
cpython219,2023-05-12 15:11:00,8
cpython219,2023-05-12 02:35:29,1
cpython219,2023-05-12 01:25:23,1
cpython219,2023-05-12 01:23:23,8
cpython219,2023-05-11 12:59:23,9
cpython219,2023-05-08 10:19:12,1
cpython219,2023-05-08 09:55:02,9
cpython219,2023-05-08 09:28:46,2
cpython219,2023-05-08 09:26:57,2
cpython219,2023-05-08 09:21:27,9
cpython219,2023-05-05 08:24:51,7
cpython219,2023-05-05 07:33:58,1
cpython219,2023-05-05 07:04:16,8
cpython219,2023-04-28 09:21:21,1
cpython219,2023-04-28 09:18:25,3
cpython219,2023-04-28 08:46:02,4
cpython219,2023-04-28 08:40:10,4
cpython219,2023-04-28 08:36:58,1
cpython219,2023-04-28 08:32:19,1
cpython219,2023-04-28 08:30:02,4
cpython219,2023-04-28 08:19:08,4
cpython219,2023-04-28 08:18:37,1
cpython219,2023-04-28 08:16:17,8
cpython219,2023-04-28 07:49:59,1
cpython219,2023-04-28 07:45:22,3
cpython219,2023-04-28 07:33:44,1
cpython219,2023-04-28 07:14:59,1
cpython219,2023-04-28 07:10:21,2
cpython219,2023-04-28 06:51:43,1
cpython219,2023-04-28 06:08:34,1
cpython219,2023-04-28 06:05:17,2
cpython219,2023-04-24 10:48:02,13
cpython219,2023-04-21 08:40:53,5
cpython219,2023-04-21 08:21:35,8
cpython219,2023-04-17 04:15:19,18
dangnq2501,2023-05-22 09:10:45,2
dangnq2501,2023-05-22 09:09:36,1
dangnq2501,2023-05-22 09:06:47,1
dangnq2501,2023-05-22 09:04:00,2
dangnq2501,2023-05-19 05:10:23,1
dangnq2501,2023-05-19 05:07:36,1
dangnq2501,2023-05-19 04:59:58,0
dangnq2501,2023-05-19 04:59:53,2
dangnq2501,2023-05-19 04:59:29,1
dangnq2501,2023-05-19 04:59:11,1
dangnq2501,2023-05-19 04:57:13,2
dangnq2501,2023-05-19 04:57:05,1
dangnq2501,2023-05-19 04:53:56,3
dangnq2501,2023-05-19 04:52:13,18
dangnq2501,2023-05-18 17:59:02,1
dangnq2501,2023-05-18 17:57:18,17
dangnq2501,2023-05-15 15:50:55,1
dangnq2501,2023-05-15 10:54:14,2
dangnq2501,2023-05-15 10:15:02,1
dangnq2501,2023-05-15 10:06:13,10
dangnq2501,2023-05-15 10:05:56,10
dangnq2501,2023-05-15 09:53:01,1
dangnq2501,2023-05-14 16:49:02,1
dangnq2501,2023-05-14 16:46:58,9
dangnq2501,2023-05-12 08:32:10,1
dangnq2501,2023-05-12 08:27:19,2
dangnq2501,2023-05-12 08:15:04,1
dangnq2501,2023-05-12 06:19:52,10
dangnq2501,2023-05-12 02:35:29,1
dangnq2501,2023-05-12 01:25:23,1
dangnq2501,2023-05-12 01:23:23,8
dangnq2501,2023-05-11 12:59:23,9
dangnq2501,2023-05-08 10:29:44,10
dangnq2501,2023-05-08 10:19:12,1
dangnq2501,2023-05-08 09:28:46,2
dangnq2501,2023-05-08 09:26:57,2
dangnq2501,2023-05-08 09:21:27,9
dangnq2501,2023-05-05 08:12:04,3
dangnq2501,2023-05-05 07:33:58,1
dangnq2501,2023-05-05 07:06:00,10
dangnq2501,2023-05-05 07:04:16,8
dangnq2501,2023-04-28 08:03:45,1
dangnq2501,2023-04-28 07:56:21,1
dangnq2501,2023-04-28 07:49:59,1
dangnq2501,2023-04-28 07:45:28,1
dangnq2501,2023-04-28 07:45:22,3
dangnq2501,2023-04-28 07:42:47,3
dangnq2501,2023-04-28 07:36:57,2
dangnq2501,2023-04-28 07:33:44,1
dangnq2501,2023-04-28 07:31:07,1
dangnq2501,2023-04-28 07:22:22,1
dangnq2501,2023-04-28 07:21:37,1
dangnq2501,2023-04-28 07:18:47,2
dangnq2501,2023-04-28 07:15:20,6
dangnq2501,2023-04-28 07:14:59,1
dangnq2501,2023-04-28 07:10:21,2
dangnq2501,2023-04-28 06:51:43,1
dangnq2501,2023-04-28 06:15:34,2
dangnq2501,2023-04-28 06:08:34,1
dangnq2501,2023-04-28 06:05:17,2
dangnq2501,2023-04-25 07:58:35,1
dangnq2501,2023-04-24 10:48:02,13
dangnq2501,2023-04-21 08:40:53,5
dangnq2501,2023-04-21 08:21:35,8
dangnq2501,2023-04-17 04:15:19,18
thaisonatk,2023-05-22 09:59:00,2
thaisonatk,2023-05-22 09:09:36,1
thaisonatk,2023-05-22 09:06:47,1
thaisonatk,2023-05-22 09:04:00,2
thaisonatk,2023-05-19 07:02:17,2
thaisonatk,2023-05-19 06:27:52,18
thaisonatk,2023-05-19 04:56:10,4
thaisonatk,2023-05-18 17:59:02,1
thaisonatk,2023-05-18 17:57:18,17
thaisonatk,2023-05-15 09:16:30,10
thaisonatk,2023-05-14 16:49:02,1
thaisonatk,2023-05-14 16:46:58,9
thaisonatk,2023-05-12 08:06:49,1
thaisonatk,2023-05-12 07:59:39,11
thaisonatk,2023-05-12 04:23:40,1
thaisonatk,2023-05-12 02:35:29,1
thaisonatk,2023-05-12 01:25:23,1
thaisonatk,2023-05-12 01:23:23,8
thaisonatk,2023-05-11 19:33:39,11
thaisonatk,2023-05-11 12:59:23,9
thaisonatk,2023-05-08 10:19:12,1
thaisonatk,2023-05-08 09:28:46,2
thaisonatk,2023-05-08 09:26:57,2
thaisonatk,2023-05-08 09:21:27,9
thaisonatk,2023-05-07 14:58:14,1
thaisonatk,2023-05-07 14:54:10,1
thaisonatk,2023-05-07 14:47:00,8
thaisonatk,2023-05-05 07:33:58,1
thaisonatk,2023-05-05 07:04:16,8
thaisonatk,2023-05-04 17:14:13,1
thaisonatk,2023-05-04 17:00:32,1
thaisonatk,2023-05-04 16:53:45,2
thaisonatk,2023-05-04 16:46:17,1
thaisonatk,2023-05-04 16:37:42,1
thaisonatk,2023-05-04 16:37:25,1
thaisonatk,2023-05-04 16:32:11,2
thaisonatk,2023-05-04 16:13:15,2
thaisonatk,2023-05-04 16:09:16,3
thaisonatk,2023-05-04 15:39:14,1
thaisonatk,2023-05-04 15:38:28,1
thaisonatk,2023-05-04 15:15:54,1
thaisonatk,2023-05-04 15:07:54,1
thaisonatk,2023-05-04 15:04:36,1
thaisonatk,2023-05-04 14:52:32,1
thaisonatk,2023-04-28 08:33:25,1
thaisonatk,2023-04-28 08:30:50,16
thaisonatk,2023-04-28 07:49:59,1
thaisonatk,2023-04-28 07:45:22,3
thaisonatk,2023-04-28 07:33:44,1
thaisonatk,2023-04-28 07:14:59,1
thaisonatk,2023-04-28 07:10:21,2
thaisonatk,2023-04-28 06:51:43,1
thaisonatk,2023-04-28 06:08:34,1
thaisonatk,2023-04-28 06:05:17,2
thaisonatk,2023-04-24 10:48:02,13
thaisonatk,2023-04-21 08:40:53,5
thaisonatk,2023-04-21 08:21:35,8
thaisonatk,2023-04-17 04:15:19,18
quocanhuet,2023-05-12 06:36:00,7
quocanhuet,2023-05-12 03:42:31,1
quocanhuet,2023-05-12 04:39:48,8
quocanhuet,2023-05-12 02:48:36,20
quocanhuet,2023-05-12 02:35:29,1
quocanhuet,2023-05-12 01:25:23,1
quocanhuet,2023-05-12 01:23:23,8
quocanhuet,2023-05-11 12:59:23,9
quocanhuet,2023-05-08 10:19:12,1
quocanhuet,2023-05-08 09:28:46,2
quocanhuet,2023-05-08 09:26:57,2
quocanhuet,2023-05-08 09:21:27,9
quocanhuet,2023-05-05 07:33:58,1
quocanhuet,2023-05-05 07:04:16,8
quocanhuet,2023-04-28 07:49:59,1
quocanhuet,2023-04-28 07:45:22,3
quocanhuet,2023-04-28 07:33:44,1
quocanhuet,2023-04-28 07:14:59,1
quocanhuet,2023-04-28 07:10:21,2
quocanhuet,2023-04-28 06:51:43,1
quocanhuet,2023-04-28 06:08:34,1
quocanhuet,2023-04-28 06:05:17,2
quocanhuet,2023-04-24 10:48:02,13
quocanhuet,2023-04-21 08:40:53,5
quocanhuet,2023-04-21 08:21:35,8
quocanhuet,2023-04-17 04:15:19,18
khoavpt,2023-06-01 15:44:55,1
khoavpt,2023-06-01 15:43:55,1
khoavpt,2023-06-01 15:38:47,14
khoavpt,2023-05-23 10:14:56,4
khoavpt,2023-05-23 10:10:53,20
khoavpt,2023-05-22 09:09:36,1
khoavpt,2023-05-22 09:06:47,1
khoavpt,2023-05-22 09:04:00,2
khoavpt,2023-05-18 17:59:02,1
khoavpt,2023-05-18 17:57:18,17
khoavpt,2023-05-15 09:28:06,6
khoavpt,2023-05-15 05:37:37,1
khoavpt,2023-05-15 05:36:55,10
khoavpt,2023-05-15 05:33:37,3
khoavpt,2023-05-14 16:49:02,1
khoavpt,2023-05-14 16:46:58,9
khoavpt,2023-05-12 06:25:56,8
khoavpt,2023-05-12 02:35:29,1
khoavpt,2023-05-12 01:25:23,1
khoavpt,2023-05-12 01:23:23,8
khoavpt,2023-05-11 12:59:23,9
khoavpt,2023-05-08 10:51:10,24
khoavpt,2023-05-08 10:44:44,6
khoavpt,2023-05-08 10:19:12,1
khoavpt,2023-05-08 09:28:46,2
khoavpt,2023-05-08 09:26:57,2
khoavpt,2023-05-08 09:21:27,9
khoavpt,2023-05-05 07:33:58,1
khoavpt,2023-05-05 07:04:16,8
khoavpt,2023-04-28 07:49:59,1
khoavpt,2023-04-28 07:45:22,3
khoavpt,2023-04-28 07:33:44,1
khoavpt,2023-04-28 07:14:59,1
khoavpt,2023-04-28 07:10:21,2
khoavpt,2023-04-28 06:51:43,1
khoavpt,2023-04-28 06:08:34,1
khoavpt,2023-04-28 06:05:17,2
khoavpt,2023-04-24 10:48:02,13
khoavpt,2023-04-21 08:40:53,5
khoavpt,2023-04-21 08:21:35,8
khoavpt,2023-04-17 04:15:19,18
bacngv,2023-05-22 09:07:48,2
bacngv,2023-05-22 09:06:47,1
bacngv,2023-05-22 09:04:00,2
bacngv,2023-05-19 02:15:52,1
bacngv,2023-05-19 01:06:50,0
bacngv,2023-05-19 00:55:48,1
bacngv,2023-05-19 00:55:11,18
bacngv,2023-05-18 17:59:02,1
bacngv,2023-05-18 17:57:18,17
bacngv,2023-05-15 01:25:19,1
bacngv,2023-05-15 01:19:50,10
bacngv,2023-05-14 16:49:02,1
bacngv,2023-05-14 16:46:58,9
bacngv,2023-05-12 06:33:29,1
bacngv,2023-05-12 06:26:23,8
bacngv,2023-05-12 02:35:29,1
bacngv,2023-05-12 01:25:23,1
bacngv,2023-05-12 01:23:23,8
bacngv,2023-05-11 12:59:23,9
bacngv,2023-05-08 10:36:07,1
bacngv,2023-05-08 10:31:12,1
bacngv,2023-05-08 10:24:30,2
bacngv,2023-05-08 10:19:12,1
bacngv,2023-05-08 10:02:56,26
bacngv,2023-05-08 10:00:13,1
bacngv,2023-05-08 09:28:46,2
bacngv,2023-05-08 09:26:57,2
bacngv,2023-05-08 09:21:27,9
bacngv,2023-05-05 07:33:58,1
bacngv,2023-05-05 07:04:16,8
bacngv,2023-04-28 07:49:59,1
bacngv,2023-04-28 07:45:22,3
bacngv,2023-04-28 07:33:44,1
bacngv,2023-04-28 07:14:59,1
bacngv,2023-04-28 07:10:21,2
bacngv,2023-04-28 06:51:43,1
bacngv,2023-04-28 06:08:34,1
bacngv,2023-04-28 06:05:17,2
bacngv,2023-04-24 10:48:02,13
bacngv,2023-04-21 08:40:53,5
bacngv,2023-04-21 08:21:35,8
bacngv,2023-04-17 04:15:19,18
nguyenmanhcuong29092004,2023-05-19 06:37:07,1
nguyenmanhcuong29092004,2023-05-19 06:32:32,1
nguyenmanhcuong29092004,2023-05-19 06:30:56,18
nguyenmanhcuong29092004,2023-05-18 17:59:02,1
nguyenmanhcuong29092004,2023-05-18 17:57:18,17
nguyenmanhcuong29092004,2023-05-15 09:28:34,1
nguyenmanhcuong29092004,2023-05-15 09:27:08,10
nguyenmanhcuong29092004,2023-05-14 16:49:02,1
nguyenmanhcuong29092004,2023-05-14 16:46:58,9
nguyenmanhcuong29092004,2023-05-12 06:47:41,1
nguyenmanhcuong29092004,2023-05-12 06:44:53,1
nguyenmanhcuong29092004,2023-05-12 06:43:54,1
nguyenmanhcuong29092004,2023-05-12 06:40:50,8
nguyenmanhcuong29092004,2023-05-12 02:35:29,1
nguyenmanhcuong29092004,2023-05-12 01:25:23,1
nguyenmanhcuong29092004,2023-05-12 01:23:23,8
nguyenmanhcuong29092004,2023-05-11 12:59:23,9
nguyenmanhcuong29092004,2023-05-08 10:19:12,1
nguyenmanhcuong29092004,2023-05-08 09:56:00,1
nguyenmanhcuong29092004,2023-05-08 09:37:51,1
nguyenmanhcuong29092004,2023-05-08 09:34:54,1
nguyenmanhcuong29092004,2023-05-08 09:32:49,11
nguyenmanhcuong29092004,2023-05-08 09:28:46,2
nguyenmanhcuong29092004,2023-05-08 09:26:57,2
nguyenmanhcuong29092004,2023-05-08 09:21:27,9
nguyenmanhcuong29092004,2023-05-08 07:41:09,1
nguyenmanhcuong29092004,2023-05-08 07:40:52,1
nguyenmanhcuong29092004,2023-05-08 07:40:09,1
nguyenmanhcuong29092004,2023-05-08 07:38:47,1
nguyenmanhcuong29092004,2023-05-08 07:38:30,1
nguyenmanhcuong29092004,2023-05-08 07:32:07,1
nguyenmanhcuong29092004,2023-05-08 07:31:46,1
nguyenmanhcuong29092004,2023-05-08 07:31:23,1
nguyenmanhcuong29092004,2023-05-08 07:31:11,1
nguyenmanhcuong29092004,2023-05-08 07:30:29,1
nguyenmanhcuong29092004,2023-05-08 07:29:54,1
nguyenmanhcuong29092004,2023-05-08 07:29:31,1
nguyenmanhcuong29092004,2023-05-08 07:29:07,1
nguyenmanhcuong29092004,2023-05-08 07:28:00,16
nguyenmanhcuong29092004,2023-05-08 07:27:18,1
nguyenmanhcuong29092004,2023-05-08 07:26:55,1
nguyenmanhcuong29092004,2023-05-08 07:26:44,1
nguyenmanhcuong29092004,2023-05-08 07:25:51,1
nguyenmanhcuong29092004,2023-05-08 07:25:13,1
nguyenmanhcuong29092004,2023-05-08 07:20:41,1
nguyenmanhcuong29092004,2023-05-08 07:19:18,1
nguyenmanhcuong29092004,2023-05-08 07:19:04,1
nguyenmanhcuong29092004,2023-05-05 07:33:58,1
nguyenmanhcuong29092004,2023-05-05 07:04:16,8
nguyenmanhcuong29092004,2023-04-28 07:49:59,1
nguyenmanhcuong29092004,2023-04-28 07:45:22,3
nguyenmanhcuong29092004,2023-04-28 07:33:44,1
nguyenmanhcuong29092004,2023-04-28 07:14:59,1
nguyenmanhcuong29092004,2023-04-28 07:10:21,2
nguyenmanhcuong29092004,2023-04-28 06:51:43,1
nguyenmanhcuong29092004,2023-04-28 06:08:34,1
nguyenmanhcuong29092004,2023-04-28 06:05:17,2
nguyenmanhcuong29092004,2023-04-24 10:48:02,13
nguyenmanhcuong29092004,2023-04-21 08:40:53,5
nguyenmanhcuong29092004,2023-04-21 08:21:35,8
nguyenmanhcuong29092004,2023-04-17 04:15:19,18
Binhdn04,2023-05-19 06:56:04,1
Binhdn04,2023-05-19 06:49:15,1
Binhdn04,2023-05-19 06:44:58,1
Binhdn04,2023-05-19 06:40:39,1
Binhdn04,2023-05-19 06:37:15,1
Binhdn04,2023-05-19 06:31:23,18
Binhdn04,2023-05-18 17:59:02,1
Binhdn04,2023-05-18 17:57:18,17
Binhdn04,2023-05-15 09:31:41,1
Binhdn04,2023-05-15 09:14:40,10
Binhdn04,2023-05-14 16:49:02,1
Binhdn04,2023-05-14 16:46:58,9
Binhdn04,2023-05-12 06:43:30,1
Binhdn04,2023-05-12 06:27:30,10
Binhdn04,2023-05-12 02:35:29,1
Binhdn04,2023-05-12 01:25:23,1
Binhdn04,2023-05-12 01:23:23,8
Binhdn04,2023-05-11 12:59:23,9
Binhdn04,2023-05-08 10:19:12,1
Binhdn04,2023-05-08 10:00:43,1
Binhdn04,2023-05-08 09:37:48,1
Binhdn04,2023-05-08 09:35:13,1
Binhdn04,2023-05-08 09:28:46,2
Binhdn04,2023-05-08 09:26:57,2
Binhdn04,2023-05-08 09:23:25,9
Binhdn04,2023-05-08 09:21:27,9
Binhdn04,2023-05-08 06:19:07,1
Binhdn04,2023-05-08 06:14:41,1
Binhdn04,2023-05-08 06:03:48,2
Binhdn04,2023-05-08 06:03:00,2
Binhdn04,2023-05-08 06:02:17,12
Binhdn04,2023-05-08 05:59:53,1
Binhdn04,2023-05-08 05:59:15,1
Binhdn04,2023-05-08 05:59:00,1
Binhdn04,2023-05-08 05:56:05,3
Binhdn04,2023-05-08 05:49:04,1
Binhdn04,2023-05-05 07:33:58,1
Binhdn04,2023-05-05 07:04:16,8
Binhdn04,2023-04-28 07:49:59,1
Binhdn04,2023-04-28 07:45:22,3
Binhdn04,2023-04-28 07:33:44,1
Binhdn04,2023-04-28 07:14:59,1
Binhdn04,2023-04-28 07:10:21,2
Binhdn04,2023-04-28 06:51:43,1
Binhdn04,2023-04-28 06:08:34,1
Binhdn04,2023-04-28 06:05:17,2
Binhdn04,2023-04-24 10:48:02,13
Binhdn04,2023-04-21 08:40:53,5
Binhdn04,2023-04-21 08:21:35,8
Binhdn04,2023-04-17 04:15:19,18
TienVM2004,2023-05-28 14:10:17,4
TienVM2004,2023-05-22 09:05:52,2
TienVM2004,2023-05-22 09:04:00,2
TienVM2004,2023-05-19 07:00:37,1
TienVM2004,2023-05-19 06:57:40,1
TienVM2004,2023-05-19 06:53:28,4
TienVM2004,2023-05-19 06:08:46,18
TienVM2004,2023-05-18 17:59:02,1
TienVM2004,2023-05-18 17:57:18,17
TienVM2004,2023-05-15 10:14:21,3
TienVM2004,2023-05-15 10:08:00,2
TienVM2004,2023-05-15 10:04:25,4
TienVM2004,2023-05-15 09:51:53,4
TienVM2004,2023-05-15 06:32:05,10
TienVM2004,2023-05-14 16:49:02,1
TienVM2004,2023-05-14 16:46:58,9
TienVM2004,2023-05-12 07:40:01,4
TienVM2004,2023-05-12 06:25:59,8
TienVM2004,2023-05-12 02:35:29,1
TienVM2004,2023-05-12 01:25:23,1
TienVM2004,2023-05-12 01:23:23,8
TienVM2004,2023-05-11 12:59:23,9
TienVM2004,2023-05-09 03:43:02,1
TienVM2004,2023-05-09 03:39:36,2
TienVM2004,2023-05-09 03:34:52,1
TienVM2004,2023-05-09 03:29:53,1
TienVM2004,2023-05-09 03:26:27,2
TienVM2004,2023-05-08 10:19:12,1
TienVM2004,2023-05-08 09:31:34,11
TienVM2004,2023-05-08 09:28:46,2
TienVM2004,2023-05-08 09:26:57,2
TienVM2004,2023-05-08 09:21:27,9
TienVM2004,2023-05-08 02:46:51,4
TienVM2004,2023-05-05 07:33:58,1
TienVM2004,2023-05-05 07:13:34,10
TienVM2004,2023-05-05 07:04:16,8
TienVM2004,2023-04-28 07:53:38,1
TienVM2004,2023-04-28 07:49:59,1
TienVM2004,2023-04-28 07:45:22,3
TienVM2004,2023-04-28 07:38:08,1
TienVM2004,2023-04-28 07:37:46,1
TienVM2004,2023-04-28 07:34:55,1
TienVM2004,2023-04-28 07:33:44,1
TienVM2004,2023-04-28 07:26:44,19
TienVM2004,2023-04-28 07:14:59,1
TienVM2004,2023-04-28 07:10:21,2
TienVM2004,2023-04-28 06:51:43,1
TienVM2004,2023-04-28 06:08:34,1
TienVM2004,2023-04-28 06:05:17,2
TienVM2004,2023-04-24 10:48:02,13
TienVM2004,2023-04-21 08:40:53,5
TienVM2004,2023-04-21 08:21:35,8
TienVM2004,2023-04-17 04:15:19,18
DucDM2202,2023-05-24 17:07:05,1
DucDM2202,2023-05-22 09:09:36,1
DucDM2202,2023-05-22 09:07:39,2
DucDM2202,2023-05-22 09:06:47,1
DucDM2202,2023-05-22 09:04:00,2
DucDM2202,2023-05-19 06:41:08,1
DucDM2202,2023-05-19 06:37:05,1
DucDM2202,2023-05-19 06:11:09,18
DucDM2202,2023-05-18 17:59:02,1
DucDM2202,2023-05-18 17:57:18,17
DucDM2202,2023-05-15 10:23:44,1
DucDM2202,2023-05-15 09:34:11,1
DucDM2202,2023-05-15 09:12:30,10
DucDM2202,2023-05-14 16:49:02,1
DucDM2202,2023-05-14 16:46:58,9
DucDM2202,2023-05-12 08:09:46,1
DucDM2202,2023-05-12 06:42:21,1
DucDM2202,2023-05-12 06:38:18,1
DucDM2202,2023-05-12 06:37:54,8
DucDM2202,2023-05-12 02:35:29,1
DucDM2202,2023-05-12 01:25:23,1
DucDM2202,2023-05-12 01:23:23,8
DucDM2202,2023-05-11 12:59:23,9
DucDM2202,2023-05-08 18:34:11,1
DucDM2202,2023-05-08 17:33:06,2
DucDM2202,2023-05-08 10:47:36,1
DucDM2202,2023-05-08 10:42:54,1
DucDM2202,2023-05-08 10:27:55,2
DucDM2202,2023-05-08 10:20:19,3
DucDM2202,2023-05-08 10:19:12,1
DucDM2202,2023-05-08 09:50:46,2
DucDM2202,2023-05-08 09:28:46,2
DucDM2202,2023-05-08 09:26:57,2
DucDM2202,2023-05-08 09:25:03,9
DucDM2202,2023-05-08 09:21:27,9
DucDM2202,2023-05-07 16:15:37,26
DucDM2202,2023-05-07 16:07:20,1
DucDM2202,2023-05-05 07:33:58,1
DucDM2202,2023-05-05 07:04:16,8
DucDM2202,2023-04-28 07:49:59,1
DucDM2202,2023-04-28 07:45:22,3
DucDM2202,2023-04-28 07:33:44,1
DucDM2202,2023-04-28 07:14:59,1
DucDM2202,2023-04-28 07:10:21,2
DucDM2202,2023-04-28 06:51:43,1
DucDM2202,2023-04-28 06:08:34,1
DucDM2202,2023-04-28 06:05:17,2
DucDM2202,2023-04-24 10:48:02,13
DucDM2202,2023-04-21 08:40:53,5
DucDM2202,2023-04-21 08:21:35,8
DucDM2202,2023-04-17 04:15:19,18
anhnd1,2023-05-24 13:56:31,1
anhnd1,2023-05-22 09:09:36,1
anhnd1,2023-05-22 09:08:28,2
anhnd1,2023-05-22 09:06:47,1
anhnd1,2023-05-22 09:04:00,2
anhnd1,2023-05-19 08:29:31,2
anhnd1,2023-05-19 08:03:58,1
anhnd1,2023-05-19 07:56:11,18
anhnd1,2023-05-18 17:59:02,1
anhnd1,2023-05-18 17:57:18,17
anhnd1,2023-05-15 10:47:08,1
anhnd1,2023-05-15 09:10:29,10
anhnd1,2023-05-14 16:49:02,1
anhnd1,2023-05-14 16:46:58,9
anhnd1,2023-05-12 10:01:09,4
anhnd1,2023-05-12 06:19:43,8
anhnd1,2023-05-12 02:35:29,1
anhnd1,2023-05-12 01:25:23,1
anhnd1,2023-05-12 01:23:23,8
anhnd1,2023-05-11 12:59:23,9
anhnd1,2023-05-08 14:49:48,1
anhnd1,2023-05-08 14:49:08,2
anhnd1,2023-05-08 10:19:12,1
anhnd1,2023-05-08 09:33:22,11
anhnd1,2023-05-08 09:28:46,2
anhnd1,2023-05-08 09:26:57,2
anhnd1,2023-05-08 09:21:27,9
anhnd1,2023-05-05 09:32:30,12
anhnd1,2023-05-05 07:33:58,1
anhnd1,2023-05-05 07:04:16,8
anhnd1,2023-04-28 07:49:59,1
anhnd1,2023-04-28 07:45:22,3
anhnd1,2023-04-28 07:33:44,1
anhnd1,2023-04-28 07:14:59,1
anhnd1,2023-04-28 07:10:21,2
anhnd1,2023-04-28 06:51:43,1
anhnd1,2023-04-28 06:08:34,1
anhnd1,2023-04-28 06:05:17,2
anhnd1,2023-04-24 10:48:02,13
anhnd1,2023-04-21 08:40:53,5
anhnd1,2023-04-21 08:21:35,8
anhnd1,2023-04-17 04:15:19,18
VinhPhamAI,2023-05-24 10:32:16,1
VinhPhamAI,2023-05-24 10:31:45,1
VinhPhamAI,2023-05-22 09:28:35,2
VinhPhamAI,2023-05-22 09:09:36,1
VinhPhamAI,2023-05-22 09:06:47,1
VinhPhamAI,2023-05-22 09:04:00,2
VinhPhamAI,2023-05-19 06:16:57,1
VinhPhamAI,2023-05-19 06:12:29,1
VinhPhamAI,2023-05-19 06:10:31,18
VinhPhamAI,2023-05-18 17:59:02,1
VinhPhamAI,2023-05-18 17:57:18,17
VinhPhamAI,2023-05-15 09:44:07,1
VinhPhamAI,2023-05-15 09:38:50,1
VinhPhamAI,2023-05-15 09:34:43,1
VinhPhamAI,2023-05-15 09:31:20,1
VinhPhamAI,2023-05-15 09:14:51,1
VinhPhamAI,2023-05-15 09:10:32,18
VinhPhamAI,2023-05-15 09:10:11,10
VinhPhamAI,2023-05-14 16:49:02,1
VinhPhamAI,2023-05-14 16:46:58,9
VinhPhamAI,2023-05-12 06:51:47,1
VinhPhamAI,2023-05-12 06:18:37,8
VinhPhamAI,2023-05-12 02:35:29,1
VinhPhamAI,2023-05-12 01:25:23,1
VinhPhamAI,2023-05-12 01:23:23,8
VinhPhamAI,2023-05-11 12:59:23,9
VinhPhamAI,2023-05-08 11:33:25,1
VinhPhamAI,2023-05-08 10:40:16,1
VinhPhamAI,2023-05-08 10:19:12,1
VinhPhamAI,2023-05-08 10:08:49,1
VinhPhamAI,2023-05-08 10:02:58,13
VinhPhamAI,2023-05-08 10:02:23,2
VinhPhamAI,2023-05-08 09:28:46,2
VinhPhamAI,2023-05-08 09:27:14,11
VinhPhamAI,2023-05-08 09:26:57,2
VinhPhamAI,2023-05-08 09:21:27,9
VinhPhamAI,2023-05-05 09:41:10,2
VinhPhamAI,2023-05-05 09:30:20,1
VinhPhamAI,2023-05-05 09:23:54,1
VinhPhamAI,2023-05-05 09:15:22,1
VinhPhamAI,2023-05-05 09:01:48,0
VinhPhamAI,2023-05-05 09:01:27,1
VinhPhamAI,2023-05-05 08:40:36,1
VinhPhamAI,2023-05-05 08:37:29,1
VinhPhamAI,2023-05-05 08:33:55,5
VinhPhamAI,2023-05-05 07:33:58,1
VinhPhamAI,2023-05-05 07:05:50,8
VinhPhamAI,2023-05-05 07:04:16,8
VinhPhamAI,2023-04-30 15:35:19,1
VinhPhamAI,2023-04-30 15:31:56,2
VinhPhamAI,2023-04-30 15:24:01,9
VinhPhamAI,2023-04-30 10:34:07,5
VinhPhamAI,2023-04-28 07:49:59,1
VinhPhamAI,2023-04-28 07:45:22,3
VinhPhamAI,2023-04-28 07:33:44,1
VinhPhamAI,2023-04-28 07:14:59,1
VinhPhamAI,2023-04-28 07:10:21,2
VinhPhamAI,2023-04-28 06:51:43,1
VinhPhamAI,2023-04-28 06:19:36,1
VinhPhamAI,2023-04-28 06:08:34,1
VinhPhamAI,2023-04-28 06:05:17,2
VinhPhamAI,2023-04-24 10:48:02,13
VinhPhamAI,2023-04-21 08:40:53,5
VinhPhamAI,2023-04-21 08:21:35,8
VinhPhamAI,2023-04-17 04:15:19,18
NguyenNamDuong-22022512,2023-05-22 09:24:09,2
NguyenNamDuong-22022512,2023-05-22 09:09:36,1
NguyenNamDuong-22022512,2023-05-22 09:06:47,1
NguyenNamDuong-22022512,2023-05-22 09:04:00,2
NguyenNamDuong-22022512,2023-05-19 06:29:28,1
NguyenNamDuong-22022512,2023-05-19 06:25:06,1
NguyenNamDuong-22022512,2023-05-19 06:09:39,18
NguyenNamDuong-22022512,2023-05-18 17:59:02,1
NguyenNamDuong-22022512,2023-05-18 17:57:18,17
NguyenNamDuong-22022512,2023-05-15 09:23:03,1
NguyenNamDuong-22022512,2023-05-15 09:17:57,10
NguyenNamDuong-22022512,2023-05-14 16:49:02,1
NguyenNamDuong-22022512,2023-05-14 16:46:58,9
NguyenNamDuong-22022512,2023-05-12 08:25:48,2
NguyenNamDuong-22022512,2023-05-12 08:15:03,1
NguyenNamDuong-22022512,2023-05-12 08:07:21,1
NguyenNamDuong-22022512,2023-05-12 08:02:55,1
NguyenNamDuong-22022512,2023-05-12 07:48:20,1
NguyenNamDuong-22022512,2023-05-12 06:25:35,8
NguyenNamDuong-22022512,2023-05-12 02:35:29,1
NguyenNamDuong-22022512,2023-05-12 01:25:23,1
NguyenNamDuong-22022512,2023-05-12 01:23:23,8
NguyenNamDuong-22022512,2023-05-11 12:59:23,9
NguyenNamDuong-22022512,2023-05-08 10:40:36,6
NguyenNamDuong-22022512,2023-05-08 10:38:08,11
NguyenNamDuong-22022512,2023-05-08 10:19:12,1
NguyenNamDuong-22022512,2023-05-08 09:28:46,2
NguyenNamDuong-22022512,2023-05-08 09:26:57,2
NguyenNamDuong-22022512,2023-05-08 09:21:27,9
NguyenNamDuong-22022512,2023-05-05 09:16:53,19
NguyenNamDuong-22022512,2023-05-05 07:33:58,1
NguyenNamDuong-22022512,2023-05-05 07:04:16,8
NguyenNamDuong-22022512,2023-04-28 07:49:59,1
NguyenNamDuong-22022512,2023-04-28 07:45:22,3
NguyenNamDuong-22022512,2023-04-28 07:33:44,1
NguyenNamDuong-22022512,2023-04-28 07:14:59,1
NguyenNamDuong-22022512,2023-04-28 07:10:21,2
NguyenNamDuong-22022512,2023-04-28 06:51:43,1
NguyenNamDuong-22022512,2023-04-28 06:08:34,1
NguyenNamDuong-22022512,2023-04-28 06:05:17,2
NguyenNamDuong-22022512,2023-04-24 10:48:02,13
NguyenNamDuong-22022512,2023-04-21 08:40:53,5
NguyenNamDuong-22022512,2023-04-21 08:21:35,8
NguyenNamDuong-22022512,2023-04-17 04:15:19,18
hueptk0711,2023-05-22 09:23:52,1
hueptk0711,2023-05-22 09:09:36,1
hueptk0711,2023-05-22 09:06:47,1
hueptk0711,2023-05-22 09:06:41,2
hueptk0711,2023-05-22 09:04:00,2
hueptk0711,2023-05-19 06:23:04,1
hueptk0711,2023-05-19 06:17:30,6
hueptk0711,2023-05-19 06:02:45,18
hueptk0711,2023-05-18 17:59:02,1
hueptk0711,2023-05-18 17:57:18,17
hueptk0711,2023-05-15 09:21:18,1
hueptk0711,2023-05-15 09:06:00,10
hueptk0711,2023-05-14 16:49:02,1
hueptk0711,2023-05-14 16:46:58,9
hueptk0711,2023-05-12 06:54:23,1
hueptk0711,2023-05-12 06:17:45,8
hueptk0711,2023-05-12 02:35:29,1
hueptk0711,2023-05-12 01:25:23,1
hueptk0711,2023-05-12 01:23:23,8
hueptk0711,2023-05-11 12:59:23,9
hueptk0711,2023-05-08 10:22:49,1
hueptk0711,2023-05-08 10:20:09,1
hueptk0711,2023-05-08 10:19:12,1
hueptk0711,2023-05-08 10:15:07,1
hueptk0711,2023-05-08 10:11:37,1
hueptk0711,2023-05-08 09:57:23,1
hueptk0711,2023-05-08 09:42:36,2
hueptk0711,2023-05-08 09:31:20,2
hueptk0711,2023-05-08 09:28:46,2
hueptk0711,2023-05-08 09:26:57,2
hueptk0711,2023-05-08 09:22:08,9
hueptk0711,2023-05-08 09:21:27,9
hueptk0711,2023-05-05 08:39:10,2
hueptk0711,2023-05-05 08:35:50,12
hueptk0711,2023-05-05 08:31:49,1
hueptk0711,2023-05-05 07:33:58,1
hueptk0711,2023-05-05 07:04:16,8
hueptk0711,2023-04-28 07:49:59,1
hueptk0711,2023-04-28 07:45:22,3
hueptk0711,2023-04-28 07:33:44,1
hueptk0711,2023-04-28 07:14:59,1
hueptk0711,2023-04-28 07:10:21,2
hueptk0711,2023-04-28 06:51:43,1
hueptk0711,2023-04-28 06:08:34,1
hueptk0711,2023-04-28 06:05:17,2
hueptk0711,2023-04-24 10:48:02,13
hueptk0711,2023-04-21 08:40:53,5
hueptk0711,2023-04-21 08:21:35,8
hueptk0711,2023-04-17 04:15:19,18
anhnvVNU,2023-05-26 16:47:05,2
anhnvVNU,2023-05-26 16:46:34,7
anhnvVNU,2023-05-22 19:22:10,2
anhnvVNU,2023-05-22 09:09:36,1
anhnvVNU,2023-05-22 09:06:47,1
anhnvVNU,2023-05-22 09:04:00,2
anhnvVNU,2023-05-19 08:41:20,18
anhnvVNU,2023-05-18 17:59:02,1
anhnvVNU,2023-05-18 17:57:18,17
anhnvVNU,2023-05-15 09:15:17,10
anhnvVNU,2023-05-14 16:49:02,1
anhnvVNU,2023-05-14 16:46:58,9
anhnvVNU,2023-05-14 07:58:50,1
anhnvVNU,2023-05-14 07:56:53,4
anhnvVNU,2023-05-12 06:21:28,8
anhnvVNU,2023-05-12 02:35:29,1
anhnvVNU,2023-05-12 01:25:23,1
anhnvVNU,2023-05-12 01:23:23,8
anhnvVNU,2023-05-11 12:59:23,9
anhnvVNU,2023-05-09 02:31:44,1
anhnvVNU,2023-05-09 02:30:48,2
anhnvVNU,2023-05-08 10:19:12,1
anhnvVNU,2023-05-08 09:29:22,11
anhnvVNU,2023-05-08 09:28:46,2
anhnvVNU,2023-05-08 09:26:57,2
anhnvVNU,2023-05-08 09:21:27,9
anhnvVNU,2023-05-08 06:53:03,4
anhnvVNU,2023-05-05 08:19:55,8
anhnvVNU,2023-05-05 07:33:58,1
anhnvVNU,2023-05-05 07:04:16,8
anhnvVNU,2023-05-05 06:30:51,1
anhnvVNU,2023-05-05 06:25:22,5
anhnvVNU,2023-05-01 17:57:39,4
anhnvVNU,2023-04-28 08:10:52,7
anhnvVNU,2023-04-28 07:49:59,1
anhnvVNU,2023-04-28 07:45:22,3
anhnvVNU,2023-04-28 07:33:44,1
anhnvVNU,2023-04-28 07:14:59,1
anhnvVNU,2023-04-28 07:10:21,2
anhnvVNU,2023-04-28 06:51:43,1
anhnvVNU,2023-04-28 06:08:34,1
anhnvVNU,2023-04-28 06:05:17,2
anhnvVNU,2023-04-24 10:48:02,13
anhnvVNU,2023-04-21 08:40:53,5
anhnvVNU,2023-04-21 08:21:35,8
anhnvVNU,2023-04-17 04:15:19,18
minhnn1,2023-05-23 02:00:42,1
minhnn1,2023-05-23 01:40:08,1
minhnn1,2023-05-23 01:33:26,1
minhnn1,2023-05-23 01:30:34,20
minhnn1,2023-05-22 11:18:58,1
minhnn1,2023-05-22 10:39:26,3
minhnn1,2023-05-22 09:09:36,1
minhnn1,2023-05-22 09:06:47,1
minhnn1,2023-05-22 09:04:00,2
minhnn1,2023-05-18 17:59:02,1
minhnn1,2023-05-18 17:57:18,17
minhnn1,2023-05-18 07:03:48,3
minhnn1,2023-05-16 09:24:39,27
minhnn1,2023-05-14 16:49:02,1
minhnn1,2023-05-14 16:46:58,9
minhnn1,2023-05-12 02:35:29,1
minhnn1,2023-05-12 01:25:23,1
minhnn1,2023-05-12 01:23:23,8
minhnn1,2023-05-11 12:59:23,9
minhnn1,2023-05-08 10:19:12,1
minhnn1,2023-05-08 09:28:46,2
minhnn1,2023-05-08 09:26:57,2
minhnn1,2023-05-08 09:21:27,9
minhnn1,2023-05-05 07:33:58,1
minhnn1,2023-05-05 07:29:14,8
minhnn1,2023-05-05 07:04:16,8
minhnn1,2023-05-05 03:08:43,1
minhnn1,2023-05-05 03:06:08,4
minhnn1,2023-05-05 02:10:33,1
minhnn1,2023-05-05 02:03:43,1
minhnn1,2023-04-28 07:49:59,1
minhnn1,2023-04-28 07:45:22,3
minhnn1,2023-04-28 07:33:44,1
minhnn1,2023-04-28 07:14:59,1
minhnn1,2023-04-28 07:10:21,2
minhnn1,2023-04-28 06:51:43,1
minhnn1,2023-04-28 06:08:34,1
minhnn1,2023-04-28 06:05:17,2
minhnn1,2023-04-24 10:48:02,13
minhnn1,2023-04-21 08:40:53,5
minhnn1,2023-04-21 08:21:35,8
minhnn1,2023-04-17 04:15:19,18
tannn0,2023-05-26 04:22:03,6
tannn0,2023-05-22 09:42:24,2
tannn0,2023-05-22 09:09:36,1
tannn0,2023-05-22 09:06:47,1
tannn0,2023-05-22 09:04:00,2
tannn0,2023-05-19 07:01:06,2
tannn0,2023-05-19 06:19:18,18
tannn0,2023-05-18 17:59:02,1
tannn0,2023-05-18 17:57:18,17
tannn0,2023-05-15 10:21:54,6
tannn0,2023-05-15 09:11:17,10
tannn0,2023-05-14 16:49:02,1
tannn0,2023-05-14 16:46:58,9
tannn0,2023-05-12 07:27:48,5
tannn0,2023-05-12 06:22:25,8
tannn0,2023-05-12 02:35:29,1
tannn0,2023-05-12 01:25:23,1
tannn0,2023-05-12 01:23:23,8
tannn0,2023-05-11 12:59:23,9
tannn0,2023-05-08 11:51:44,3
tannn0,2023-05-08 10:24:08,3
tannn0,2023-05-08 10:19:12,1
tannn0,2023-05-08 09:28:46,2
tannn0,2023-05-08 09:26:57,2
tannn0,2023-05-08 09:25:39,9
tannn0,2023-05-08 09:21:27,9
tannn0,2023-05-05 09:09:17,1
tannn0,2023-05-05 08:29:51,2
tannn0,2023-05-05 08:21:31,1
tannn0,2023-05-05 07:33:58,1
tannn0,2023-05-05 07:08:31,8
tannn0,2023-05-05 07:04:16,8
tannn0,2023-04-29 10:58:46,11
tannn0,2023-04-29 10:31:44,1
tannn0,2023-04-28 07:49:59,1
tannn0,2023-04-28 07:45:22,3
tannn0,2023-04-28 07:33:44,1
tannn0,2023-04-28 07:14:59,1
tannn0,2023-04-28 07:10:21,2
tannn0,2023-04-28 06:51:43,1
tannn0,2023-04-28 06:08:34,1
tannn0,2023-04-28 06:05:17,2
tannn0,2023-04-24 10:48:02,13
tannn0,2023-04-21 08:40:53,5
tannn0,2023-04-21 08:21:35,8
tannn0,2023-04-17 04:15:19,18
sambt22022517,2023-05-22 09:58:41,2
sambt22022517,2023-05-22 09:09:36,1
sambt22022517,2023-05-22 09:06:47,1
sambt22022517,2023-05-22 09:04:00,2
sambt22022517,2023-05-19 06:52:57,2
sambt22022517,2023-05-19 06:09:39,18
sambt22022517,2023-05-18 17:59:02,1
sambt22022517,2023-05-18 17:57:18,17
sambt22022517,2023-05-15 10:36:15,5
sambt22022517,2023-05-15 09:09:54,10
sambt22022517,2023-05-15 01:29:34,4
sambt22022517,2023-05-14 16:49:02,1
sambt22022517,2023-05-14 16:46:58,9
sambt22022517,2023-05-12 06:20:45,8
sambt22022517,2023-05-12 02:35:29,1
sambt22022517,2023-05-12 01:25:23,1
sambt22022517,2023-05-12 01:23:23,8
sambt22022517,2023-05-11 12:59:23,9
sambt22022517,2023-05-08 10:19:46,1
sambt22022517,2023-05-08 10:19:12,1
sambt22022517,2023-05-08 10:10:20,2
sambt22022517,2023-05-08 09:30:22,11
sambt22022517,2023-05-08 09:28:46,2
sambt22022517,2023-05-08 09:26:57,2
sambt22022517,2023-05-08 09:21:27,9
sambt22022517,2023-05-07 08:52:03,5
sambt22022517,2023-05-07 02:11:01,8
sambt22022517,2023-05-05 07:33:58,1
sambt22022517,2023-05-05 07:04:16,8
sambt22022517,2023-04-29 13:12:15,1
sambt22022517,2023-04-29 13:06:01,1
sambt22022517,2023-04-28 16:06:12,1
sambt22022517,2023-04-28 16:03:09,1
sambt22022517,2023-04-28 16:01:24,1
sambt22022517,2023-04-28 15:44:13,1
sambt22022517,2023-04-28 15:40:14,1
sambt22022517,2023-04-28 15:29:08,1
sambt22022517,2023-04-28 15:16:08,1
sambt22022517,2023-04-28 15:09:54,1
sambt22022517,2023-04-28 15:05:58,1
sambt22022517,2023-04-28 15:00:21,1
sambt22022517,2023-04-28 14:57:23,1
sambt22022517,2023-04-28 14:53:29,1
sambt22022517,2023-04-28 14:41:48,2
sambt22022517,2023-04-28 07:49:59,1
sambt22022517,2023-04-28 07:45:22,3
sambt22022517,2023-04-28 07:33:44,1
sambt22022517,2023-04-28 07:14:59,1
sambt22022517,2023-04-28 07:10:21,2
sambt22022517,2023-04-28 06:51:43,1
sambt22022517,2023-04-28 06:08:34,1
sambt22022517,2023-04-28 06:05:17,2
sambt22022517,2023-04-28 01:29:16,13
sambt22022517,2023-04-28 01:17:57,1
sambt22022517,2023-04-24 10:48:02,13
sambt22022517,2023-04-21 08:40:53,5
sambt22022517,2023-04-21 08:21:35,8
sambt22022517,2023-04-17 04:15:19,18
NinhDT22022522,2023-05-22 09:05:29,2
NinhDT22022522,2023-05-22 09:04:00,2
NinhDT22022522,2023-05-19 06:34:42,1
NinhDT22022522,2023-05-19 06:31:47,5
NinhDT22022522,2023-05-19 06:07:51,18
NinhDT22022522,2023-05-18 17:59:02,1
NinhDT22022522,2023-05-18 17:57:18,17
NinhDT22022522,2023-05-15 10:47:27,1
NinhDT22022522,2023-05-15 10:35:11,1
NinhDT22022522,2023-05-15 09:12:28,10
NinhDT22022522,2023-05-14 16:49:02,1
NinhDT22022522,2023-05-14 16:46:58,9
NinhDT22022522,2023-05-12 09:50:25,1
NinhDT22022522,2023-05-12 09:44:13,1
NinhDT22022522,2023-05-12 09:09:03,1
NinhDT22022522,2023-05-12 09:04:22,1
NinhDT22022522,2023-05-12 09:00:52,2
NinhDT22022522,2023-05-12 09:00:47,1
NinhDT22022522,2023-05-12 09:00:44,2
NinhDT22022522,2023-05-12 09:00:29,1
NinhDT22022522,2023-05-12 08:59:49,1
NinhDT22022522,2023-05-12 08:56:57,2
NinhDT22022522,2023-05-12 08:53:07,1
NinhDT22022522,2023-05-12 08:28:13,2
NinhDT22022522,2023-05-12 08:22:08,1
NinhDT22022522,2023-05-12 06:19:49,8
NinhDT22022522,2023-05-12 02:35:29,1
NinhDT22022522,2023-05-12 01:25:23,1
NinhDT22022522,2023-05-12 01:23:23,8
NinhDT22022522,2023-05-11 12:59:23,9
NinhDT22022522,2023-05-08 10:33:18,7
NinhDT22022522,2023-05-08 10:25:51,2
NinhDT22022522,2023-05-08 10:22:42,3
NinhDT22022522,2023-05-08 10:19:12,1
NinhDT22022522,2023-05-08 09:28:46,2
NinhDT22022522,2023-05-08 09:26:57,2
NinhDT22022522,2023-05-08 09:23:37,9
NinhDT22022522,2023-05-08 09:21:27,9
NinhDT22022522,2023-05-05 09:17:13,2
NinhDT22022522,2023-05-05 08:39:34,1
NinhDT22022522,2023-05-05 08:39:02,4
NinhDT22022522,2023-05-05 08:38:52,1
NinhDT22022522,2023-05-05 08:38:45,1
NinhDT22022522,2023-05-05 08:20:35,1
NinhDT22022522,2023-05-05 08:19:09,1
NinhDT22022522,2023-05-05 08:11:37,4
NinhDT22022522,2023-05-05 07:33:58,1
NinhDT22022522,2023-05-05 07:05:35,10
NinhDT22022522,2023-05-05 07:04:16,8
NinhDT22022522,2023-05-04 01:04:28,1
NinhDT22022522,2023-05-04 01:01:16,1
NinhDT22022522,2023-05-03 23:10:32,2
NinhDT22022522,2023-05-03 23:05:21,3
NinhDT22022522,2023-04-30 05:20:07,1
NinhDT22022522,2023-04-28 08:19:44,1
NinhDT22022522,2023-04-28 08:19:41,2
NinhDT22022522,2023-04-28 07:49:59,1
NinhDT22022522,2023-04-28 07:45:22,3
NinhDT22022522,2023-04-28 07:36:59,1
NinhDT22022522,2023-04-28 07:35:59,8
NinhDT22022522,2023-04-28 07:33:44,1
NinhDT22022522,2023-04-28 07:28:03,1
NinhDT22022522,2023-04-28 07:14:59,1
NinhDT22022522,2023-04-28 07:10:21,2
NinhDT22022522,2023-04-28 06:51:43,1
NinhDT22022522,2023-04-28 06:08:34,1
NinhDT22022522,2023-04-28 06:05:17,2
NinhDT22022522,2023-04-24 10:48:02,13
NinhDT22022522,2023-04-21 08:40:53,5
NinhDT22022522,2023-04-21 08:21:35,8
NinhDT22022522,2023-04-17 04:15:19,18
gungui98,2023-05-22 09:09:36,1
gungui98,2023-05-22 09:06:47,1
gungui98,2023-05-22 09:04:00,2
gungui98,2023-05-18 17:59:02,1
gungui98,2023-05-18 17:57:18,17
gungui98,2023-05-14 16:49:02,1
gungui98,2023-05-14 16:46:58,9
gungui98,2023-05-12 02:35:29,1
gungui98,2023-05-12 01:25:23,1
gungui98,2023-05-12 01:23:23,8
gungui98,2023-05-11 12:59:23,9
gungui98,2023-05-08 10:19:12,1
gungui98,2023-05-08 09:28:46,2
gungui98,2023-05-08 09:26:57,2
gungui98,2023-05-08 09:21:27,9
gungui98,2023-05-05 07:33:58,1
gungui98,2023-05-05 07:04:16,8
gungui98,2023-04-28 07:49:59,1
gungui98,2023-04-28 07:45:22,3
gungui98,2023-04-28 07:33:44,1
gungui98,2023-04-28 07:14:59,1
gungui98,2023-04-28 07:10:21,2
gungui98,2023-04-28 06:51:43,1
gungui98,2023-04-28 06:08:34,1
gungui98,2023-04-28 06:05:17,2
gungui98,2023-04-24 10:48:02,13
gungui98,2023-04-21 08:40:53,5
gungui98,2023-04-21 08:21:35,8
gungui98,2023-04-17 04:15:19,18
VinhBQ21-7,2023-05-23 08:04:53,2
VinhBQ21-7,2023-05-22 09:09:36,1
VinhBQ21-7,2023-05-22 09:06:47,1
VinhBQ21-7,2023-05-22 09:04:00,2
VinhBQ21-7,2023-05-19 06:46:03,1
VinhBQ21-7,2023-05-19 06:34:37,1
VinhBQ21-7,2023-05-19 06:05:06,18
VinhBQ21-7,2023-05-18 17:59:02,1
VinhBQ21-7,2023-05-18 17:57:18,17
VinhBQ21-7,2023-05-15 09:29:57,1
VinhBQ21-7,2023-05-15 08:38:03,10
VinhBQ21-7,2023-05-14 16:49:02,1
VinhBQ21-7,2023-05-14 16:46:58,9
VinhBQ21-7,2023-05-12 07:06:29,1
VinhBQ21-7,2023-05-12 06:55:53,1
VinhBQ21-7,2023-05-12 06:25:16,8
VinhBQ21-7,2023-05-12 02:35:29,1
VinhBQ21-7,2023-05-12 01:25:23,1
VinhBQ21-7,2023-05-12 01:23:23,8
VinhBQ21-7,2023-05-11 12:59:23,9
VinhBQ21-7,2023-05-08 10:26:58,1
VinhBQ21-7,2023-05-08 10:19:12,1
VinhBQ21-7,2023-05-08 10:02:40,1
VinhBQ21-7,2023-05-08 10:02:06,1
VinhBQ21-7,2023-05-08 10:01:14,11
VinhBQ21-7,2023-05-08 09:28:46,2
VinhBQ21-7,2023-05-08 09:26:57,2
VinhBQ21-7,2023-05-08 09:21:27,9
VinhBQ21-7,2023-05-05 08:31:39,2
VinhBQ21-7,2023-05-05 07:36:31,1
VinhBQ21-7,2023-05-05 07:33:58,1
VinhBQ21-7,2023-05-05 07:07:09,8
VinhBQ21-7,2023-05-05 07:04:16,8
VinhBQ21-7,2023-04-28 08:13:26,1
VinhBQ21-7,2023-04-28 08:05:07,1
VinhBQ21-7,2023-04-28 07:58:08,1
VinhBQ21-7,2023-04-28 07:57:16,1
VinhBQ21-7,2023-04-28 07:56:58,1
VinhBQ21-7,2023-04-28 07:55:23,1
VinhBQ21-7,2023-04-28 07:53:49,1
VinhBQ21-7,2023-04-28 07:51:22,1
VinhBQ21-7,2023-04-28 07:49:59,1
VinhBQ21-7,2023-04-28 07:47:47,3
VinhBQ21-7,2023-04-28 07:47:37,0
VinhBQ21-7,2023-04-28 07:45:22,3
VinhBQ21-7,2023-04-28 07:44:26,1
VinhBQ21-7,2023-04-28 07:44:18,7
VinhBQ21-7,2023-04-28 07:33:44,1
VinhBQ21-7,2023-04-28 07:16:02,2
VinhBQ21-7,2023-04-28 07:14:59,1
VinhBQ21-7,2023-04-28 07:10:21,2
VinhBQ21-7,2023-04-28 06:54:36,1
VinhBQ21-7,2023-04-28 06:51:43,1
VinhBQ21-7,2023-04-28 06:38:43,3
VinhBQ21-7,2023-04-28 06:36:55,12
VinhBQ21-7,2023-04-28 06:33:42,1
VinhBQ21-7,2023-04-28 06:08:34,1
VinhBQ21-7,2023-04-28 06:05:17,2
VinhBQ21-7,2023-04-24 10:48:02,13
VinhBQ21-7,2023-04-21 08:40:53,5
VinhBQ21-7,2023-04-21 08:21:35,8
VinhBQ21-7,2023-04-17 04:15:19,18
hieuhn09,2023-05-19 03:15:27,1
hieuhn09,2023-05-19 03:15:00,1
hieuhn09,2023-05-19 03:02:32,27
hieuhn09,2023-05-18 17:59:02,1
hieuhn09,2023-05-18 17:57:18,17
hieuhn09,2023-05-16 11:21:04,1
hieuhn09,2023-05-14 16:49:02,1
hieuhn09,2023-05-14 16:46:58,9
hieuhn09,2023-05-12 06:28:06,6
hieuhn09,2023-05-12 06:26:07,18
hieuhn09,2023-05-12 02:35:29,1
hieuhn09,2023-05-12 01:25:23,1
hieuhn09,2023-05-12 01:23:23,8
hieuhn09,2023-05-11 12:59:23,9
hieuhn09,2023-05-08 10:19:12,1
hieuhn09,2023-05-08 09:28:46,2
hieuhn09,2023-05-08 09:26:57,2
hieuhn09,2023-05-08 09:21:27,9
hieuhn09,2023-05-05 09:43:31,3
hieuhn09,2023-05-05 09:38:21,1
hieuhn09,2023-05-05 09:34:40,1
hieuhn09,2023-05-05 09:29:12,1
hieuhn09,2023-05-05 09:23:44,2
hieuhn09,2023-05-05 08:40:17,1
hieuhn09,2023-05-05 08:33:52,2
hieuhn09,2023-05-05 07:33:58,1
hieuhn09,2023-05-05 07:15:43,3
hieuhn09,2023-05-05 07:10:29,8
hieuhn09,2023-05-05 07:04:16,8
hieuhn09,2023-04-28 08:26:31,9
hieuhn09,2023-04-28 08:19:02,5
hieuhn09,2023-04-28 07:49:59,1
hieuhn09,2023-04-28 07:45:22,3
hieuhn09,2023-04-28 07:33:44,1
hieuhn09,2023-04-28 07:14:59,1
hieuhn09,2023-04-28 07:10:21,2
hieuhn09,2023-04-28 06:51:43,1
hieuhn09,2023-04-28 06:08:34,1
hieuhn09,2023-04-28 06:05:17,2
hieuhn09,2023-04-24 10:59:12,12
hieuhn09,2023-04-24 10:54:16,1
hieuhn09,2023-04-24 10:48:02,13
hieuhn09,2023-04-24 09:38:40,14
hieuhn09,2023-04-21 08:40:53,5
hieuhn09,2023-04-21 08:40:44,1
hieuhn09,2023-04-21 08:21:35,8
hieuhn09,2023-04-17 04:15:19,18
nhuyha,2023-05-22 10:31:27,1
nhuyha,2023-05-22 10:15:19,1
nhuyha,2023-05-22 09:26:45,2
nhuyha,2023-05-22 09:09:36,1
nhuyha,2023-05-22 09:06:47,1
nhuyha,2023-05-22 09:04:00,2
nhuyha,2023-05-22 07:45:03,1
nhuyha,2023-05-19 06:29:38,18
nhuyha,2023-05-18 17:59:02,1
nhuyha,2023-05-18 17:57:18,17
nhuyha,2023-05-15 09:35:16,1
nhuyha,2023-05-15 09:30:39,10
nhuyha,2023-05-14 16:49:02,1
nhuyha,2023-05-14 16:46:58,9
nhuyha,2023-05-12 08:01:23,3
nhuyha,2023-05-12 07:50:20,1
nhuyha,2023-05-12 07:40:26,1
nhuyha,2023-05-12 07:17:09,1
nhuyha,2023-05-12 07:10:05,9
nhuyha,2023-05-12 06:06:26,28
nhuyha,2023-05-12 06:03:31,8
nhuyha,2023-05-12 02:35:29,1
nhuyha,2023-05-12 01:25:23,1
nhuyha,2023-05-12 01:23:23,8
nhuyha,2023-05-11 15:54:08,11
nhuyha,2023-05-11 12:59:23,9
nhuyha,2023-05-08 10:19:12,1
nhuyha,2023-05-08 09:28:46,2
nhuyha,2023-05-08 09:26:57,2
nhuyha,2023-05-08 09:21:27,9
nhuyha,2023-05-08 07:01:30,10
nhuyha,2023-05-05 07:33:58,1
nhuyha,2023-05-05 07:04:16,8
nhuyha,2023-04-28 07:49:59,1
nhuyha,2023-04-28 07:45:22,3
nhuyha,2023-04-28 07:33:44,1
nhuyha,2023-04-28 07:21:08,2
nhuyha,2023-04-28 07:14:59,1
nhuyha,2023-04-28 07:10:21,2
nhuyha,2023-04-28 07:00:50,1
nhuyha,2023-04-28 06:51:43,1
nhuyha,2023-04-28 06:46:00,14
nhuyha,2023-04-28 06:08:34,1
nhuyha,2023-04-28 06:05:17,2
nhuyha,2023-04-24 10:48:02,13
nhuyha,2023-04-21 12:47:48,1
nhuyha,2023-04-21 08:40:53,5
nhuyha,2023-04-21 08:21:35,8
nhuyha,2023-04-17 04:15:19,18
HungLV2512,2023-05-22 09:20:54,2
HungLV2512,2023-05-22 09:05:46,2
HungLV2512,2023-05-22 09:04:00,2
HungLV2512,2023-05-19 06:15:30,1
HungLV2512,2023-05-19 06:08:18,18
HungLV2512,2023-05-18 17:59:02,1
HungLV2512,2023-05-18 17:57:18,17
HungLV2512,2023-05-15 10:28:54,1
HungLV2512,2023-05-15 09:09:51,10
HungLV2512,2023-05-14 16:49:02,1
HungLV2512,2023-05-14 16:46:58,9
HungLV2512,2023-05-12 07:38:44,1
HungLV2512,2023-05-12 06:20:23,8
HungLV2512,2023-05-12 02:35:29,1
HungLV2512,2023-05-12 01:25:23,1
HungLV2512,2023-05-12 01:23:23,8
HungLV2512,2023-05-11 12:59:23,9
HungLV2512,2023-05-08 10:25:47,1
HungLV2512,2023-05-08 10:24:01,3
HungLV2512,2023-05-08 10:19:53,1
HungLV2512,2023-05-08 10:19:12,1
HungLV2512,2023-05-08 10:12:40,2
HungLV2512,2023-05-08 09:28:46,2
HungLV2512,2023-05-08 09:26:57,2
HungLV2512,2023-05-08 09:24:12,9
HungLV2512,2023-05-08 09:21:27,9
HungLV2512,2023-05-05 09:44:24,2
HungLV2512,2023-05-05 09:21:27,16
HungLV2512,2023-05-05 09:07:49,1
HungLV2512,2023-05-05 07:33:58,1
HungLV2512,2023-05-05 07:04:16,8
HungLV2512,2023-04-28 07:49:59,1
HungLV2512,2023-04-28 07:45:22,3
HungLV2512,2023-04-28 07:33:44,1
HungLV2512,2023-04-28 07:14:59,1
HungLV2512,2023-04-28 07:10:21,2
HungLV2512,2023-04-28 06:51:43,1
HungLV2512,2023-04-28 06:08:34,1
HungLV2512,2023-04-28 06:05:17,2
HungLV2512,2023-04-24 10:48:02,13
HungLV2512,2023-04-21 08:40:53,5
HungLV2512,2023-04-21 08:21:35,8
HungLV2512,2023-04-17 04:15:19,18
truongchd,2023-05-19 07:39:18,1
truongchd,2023-05-19 07:35:55,1
truongchd,2023-05-19 07:22:03,1
truongchd,2023-05-19 07:20:55,1
truongchd,2023-05-19 07:16:00,1
truongchd,2023-05-19 07:13:02,1
truongchd,2023-05-19 03:45:13,18
truongchd,2023-05-18 17:59:02,1
truongchd,2023-05-18 17:57:18,17
truongchd,2023-05-16 11:05:34,1
truongchd,2023-05-16 10:43:43,1
truongchd,2023-05-16 10:41:18,1
truongchd,2023-05-16 09:06:31,10
truongchd,2023-05-14 16:49:02,1
truongchd,2023-05-14 16:46:58,9
truongchd,2023-05-12 10:34:09,1
truongchd,2023-05-12 10:31:10,1
truongchd,2023-05-12 10:27:52,1
truongchd,2023-05-12 10:19:04,1
truongchd,2023-05-12 10:14:51,1
truongchd,2023-05-12 07:08:24,2
truongchd,2023-05-12 07:06:08,1
truongchd,2023-05-12 07:05:46,4
truongchd,2023-05-12 07:00:34,1
truongchd,2023-05-12 06:57:42,1
truongchd,2023-05-12 06:54:17,1
truongchd,2023-05-12 06:46:29,1
truongchd,2023-05-12 06:41:13,17
truongchd,2023-05-12 06:28:00,1
truongchd,2023-05-12 02:35:29,1
truongchd,2023-05-12 01:25:23,1
truongchd,2023-05-12 01:23:23,8
truongchd,2023-05-11 12:59:23,9
truongchd,2023-05-08 10:19:12,1
truongchd,2023-05-08 09:28:46,2
truongchd,2023-05-08 09:26:57,2
truongchd,2023-05-08 09:21:27,9
truongchd,2023-05-06 12:46:01,1
truongchd,2023-05-06 12:21:53,1
truongchd,2023-05-06 12:21:14,1
truongchd,2023-05-05 10:07:20,0
truongchd,2023-05-05 10:06:50,1
truongchd,2023-05-05 10:04:17,2
truongchd,2023-04-28 07:27:07,1
truongchd,2023-05-05 07:16:47,1
truongchd,2023-05-05 09:54:30,1
truongchd,2023-05-05 09:52:20,1
truongchd,2023-05-05 09:51:56,2
truongchd,2023-04-28 07:50:37,1
truongchd,2023-04-28 07:47:20,1
truongchd,2023-04-28 07:40:20,1
truongchd,2023-04-28 07:38:01,1
truongchd,2023-04-28 07:35:16,1
truongchd,2023-04-28 07:32:08,2
truongchd,2023-04-28 07:27:07,1
truongchd,2023-04-28 07:26:06,2
truongchd,2023-04-28 07:13:26,2
truongchd,2023-04-28 07:11:53,1
truongchd,2023-04-28 07:06:45,1
truongchd,2023-04-28 07:04:40,1
truongchd,2023-04-24 14:05:13,2
truongchd,2023-04-24 11:03:33,2
truongchd,2023-04-24 13:08:45,22
truongchd,2023-04-21 08:50:13,1
truongchd,2023-04-21 08:47:30,1
truongchd,2023-04-21 08:45:23,1
truongchd,2023-05-05 10:01:41,1
truongchd,2023-05-05 09:47:08,2
truongchd,2023-04-28 07:27:07,1
truongchd,2023-05-05 07:16:47,1
truongchd,2023-05-05 09:54:30,1
truongchd,2023-05-05 09:52:20,1
truongchd,2023-05-05 09:51:56,2
truongchd,2023-05-05 07:04:16,8
truongchd,2023-04-28 07:49:59,1
truongchd,2023-04-28 07:45:22,3
truongchd,2023-04-28 07:33:44,1
truongchd,2023-04-28 07:14:59,1
truongchd,2023-04-28 07:10:21,2
truongchd,2023-04-28 06:51:43,1
truongchd,2023-04-28 06:08:34,1
truongchd,2023-04-28 06:05:17,2
truongchd,2023-05-05 07:33:58,1
truongchd,2023-05-05 07:04:16,8
truongchd,2023-04-28 07:50:37,1
truongchd,2023-04-28 07:49:59,1
truongchd,2023-04-28 07:47:20,1
truongchd,2023-04-28 07:45:22,3
truongchd,2023-04-28 07:40:20,1
truongchd,2023-04-28 07:38:01,1
truongchd,2023-04-28 07:35:16,1
truongchd,2023-04-28 07:33:44,1
truongchd,2023-04-28 07:32:08,2
truongchd,2023-04-28 07:27:07,1
truongchd,2023-04-28 07:26:06,2
truongchd,2023-04-28 07:14:59,1
truongchd,2023-04-28 07:13:26,2
truongchd,2023-04-28 07:11:53,1
truongchd,2023-04-28 07:10:21,2
truongchd,2023-04-28 07:06:45,1
truongchd,2023-04-28 07:04:40,1
truongchd,2023-04-28 06:51:43,1
truongchd,2023-04-28 06:08:34,1
truongchd,2023-04-28 06:05:17,2
truongchd,2023-04-24 14:05:28,2
truongchd,2023-04-24 14:05:13,2
truongchd,2023-04-24 13:32:18,10
truongchd,2023-04-24 11:03:33,2
truongchd,2023-04-24 13:08:45,22
truongchd,2023-04-21 08:50:13,1
truongchd,2023-04-21 08:47:30,1
truongchd,2023-04-21 08:45:23,1
truongchd,2023-04-24 11:03:33,2
truongchd,2023-04-24 10:48:17,22
truongchd,2023-04-24 10:48:02,13
truongchd,2023-04-21 08:50:13,1
truongchd,2023-04-21 08:49:49,1
truongchd,2023-04-21 08:47:30,1
truongchd,2023-04-21 08:45:23,1
truongchd,2023-04-21 08:40:53,5
truongchd,2023-04-21 08:21:35,8
truongchd,2023-04-17 04:15:19,18
NguyenDung0210,2023-05-22 09:18:27,2
NguyenDung0210,2023-05-22 09:09:36,1
NguyenDung0210,2023-05-22 09:06:47,1
NguyenDung0210,2023-05-22 09:04:00,2
NguyenDung0210,2023-05-19 08:35:18,1
NguyenDung0210,2023-05-19 08:22:47,1
NguyenDung0210,2023-05-19 06:36:08,0
NguyenDung0210,2023-05-19 06:27:18,18
NguyenDung0210,2023-05-18 17:59:02,1
NguyenDung0210,2023-05-18 17:57:18,17
NguyenDung0210,2023-05-16 09:18:22,1
NguyenDung0210,2023-05-15 10:50:37,1
NguyenDung0210,2023-05-15 09:21:41,10
NguyenDung0210,2023-05-14 16:49:02,1
NguyenDung0210,2023-05-14 16:46:58,9
NguyenDung0210,2023-05-12 08:00:44,1
NguyenDung0210,2023-05-12 07:47:17,1
NguyenDung0210,2023-05-12 07:37:43,1
NguyenDung0210,2023-05-12 06:22:37,8
NguyenDung0210,2023-05-12 02:35:29,1
NguyenDung0210,2023-05-12 01:25:23,1
NguyenDung0210,2023-05-12 01:23:23,8
NguyenDung0210,2023-05-11 12:59:23,9
NguyenDung0210,2023-05-08 11:10:35,1
NguyenDung0210,2023-05-08 11:01:26,1
NguyenDung0210,2023-05-08 10:52:00,1
NguyenDung0210,2023-05-08 10:19:12,1
NguyenDung0210,2023-05-08 09:50:15,1
NguyenDung0210,2023-05-08 09:43:28,1
NguyenDung0210,2023-05-08 09:39:31,2
NguyenDung0210,2023-05-08 09:38:37,1
NguyenDung0210,2023-05-08 09:38:07,2
NguyenDung0210,2023-05-08 09:37:45,3
NguyenDung0210,2023-05-08 09:28:46,2
NguyenDung0210,2023-05-08 09:26:57,2
NguyenDung0210,2023-05-08 09:21:27,9
NguyenDung0210,2023-05-05 07:33:58,1
NguyenDung0210,2023-05-05 07:04:16,8
NguyenDung0210,2023-04-28 07:49:59,1
NguyenDung0210,2023-04-28 07:45:22,3
NguyenDung0210,2023-04-28 07:33:44,1
NguyenDung0210,2023-04-28 07:14:59,1
NguyenDung0210,2023-04-28 07:10:21,2
NguyenDung0210,2023-04-28 06:51:43,1
NguyenDung0210,2023-04-28 06:08:34,1
NguyenDung0210,2023-04-28 06:05:17,2
NguyenDung0210,2023-04-24 10:48:02,13
NguyenDung0210,2023-04-21 08:40:53,5
NguyenDung0210,2023-04-21 08:21:35,8
NguyenDung0210,2023-04-17 04:15:19,18
PhuTD1,2023-05-22 09:31:37,2
PhuTD1,2023-05-22 09:09:36,1
PhuTD1,2023-05-22 09:06:47,1
PhuTD1,2023-05-22 09:04:00,2
PhuTD1,2023-05-19 07:14:14,1
PhuTD1,2023-05-19 07:09:55,18
PhuTD1,2023-05-18 17:59:02,1
PhuTD1,2023-05-18 17:57:18,17
PhuTD1,2023-05-15 04:33:08,1
PhuTD1,2023-05-15 04:10:06,10
PhuTD1,2023-05-14 16:49:02,1
PhuTD1,2023-05-14 16:46:58,9
PhuTD1,2023-05-14 15:22:58,5
PhuTD1,2023-05-12 06:23:07,10
PhuTD1,2023-05-12 02:35:29,1
PhuTD1,2023-05-12 01:25:23,1
PhuTD1,2023-05-12 01:23:23,8
PhuTD1,2023-05-11 12:59:23,9
PhuTD1,2023-05-08 10:51:27,1
PhuTD1,2023-05-08 10:46:18,1
PhuTD1,2023-05-08 10:33:07,2
PhuTD1,2023-05-08 10:19:12,1
PhuTD1,2023-05-08 09:28:46,2
PhuTD1,2023-05-08 09:27:35,11
PhuTD1,2023-05-08 09:26:57,2
PhuTD1,2023-05-08 09:21:27,9
PhuTD1,2023-05-07 07:31:02,1
PhuTD1,2023-05-07 07:26:29,0
PhuTD1,2023-05-07 07:21:36,1
PhuTD1,2023-05-07 07:21:20,5
PhuTD1,2023-05-07 07:15:04,1
PhuTD1,2023-05-07 07:11:01,1
PhuTD1,2023-05-07 06:58:35,10
PhuTD1,2023-05-05 07:43:03,1
PhuTD1,2023-05-05 07:33:58,1
PhuTD1,2023-05-05 07:18:46,8
PhuTD1,2023-05-05 07:04:16,8
PhuTD1,2023-04-28 08:19:03,4
PhuTD1,2023-04-28 08:11:53,1
PhuTD1,2023-04-28 07:52:55,1
PhuTD1,2023-04-28 07:52:28,1
PhuTD1,2023-04-28 07:49:59,1
PhuTD1,2023-04-28 07:48:49,3
PhuTD1,2023-04-28 07:45:22,3
PhuTD1,2023-04-28 07:39:01,1
PhuTD1,2023-04-28 07:34:37,1
PhuTD1,2023-04-28 07:33:44,1
PhuTD1,2023-04-28 07:31:49,1
PhuTD1,2023-04-28 07:27:35,2
PhuTD1,2023-04-28 07:26:36,1
PhuTD1,2023-04-28 07:24:05,1
PhuTD1,2023-04-28 07:23:29,2
PhuTD1,2023-04-28 07:19:00,1
PhuTD1,2023-04-28 07:14:59,1
PhuTD1,2023-04-28 07:13:45,2
PhuTD1,2023-04-28 07:13:09,15
PhuTD1,2023-04-28 07:10:21,2
PhuTD1,2023-04-28 07:08:24,1
PhuTD1,2023-04-28 06:51:43,1
PhuTD1,2023-04-28 06:34:20,12
PhuTD1,2023-04-28 06:08:34,1
PhuTD1,2023-04-28 06:05:17,2
PhuTD1,2023-04-24 10:48:02,13
PhuTD1,2023-04-21 08:42:04,1
PhuTD1,2023-04-21 08:40:53,5
PhuTD1,2023-04-21 08:21:35,8
PhuTD1,2023-04-17 04:15:19,18
nhatdm22022537,2023-05-24 03:46:55,2
nhatdm22022537,2023-05-24 03:36:19,1
nhatdm22022537,2023-05-24 03:33:12,1
nhatdm22022537,2023-05-24 03:07:48,2
nhatdm22022537,2023-05-24 03:03:13,2
nhatdm22022537,2023-05-22 09:09:36,1
nhatdm22022537,2023-05-22 09:06:47,1
nhatdm22022537,2023-05-22 09:04:00,2
nhatdm22022537,2023-05-19 07:12:21,27
nhatdm22022537,2023-05-18 17:59:02,1
nhatdm22022537,2023-05-18 17:57:18,17
nhatdm22022537,2023-05-14 16:49:02,1
nhatdm22022537,2023-05-14 16:46:58,9
nhatdm22022537,2023-05-12 06:26:52,1
nhatdm22022537,2023-05-12 06:20:15,8
nhatdm22022537,2023-05-12 02:35:29,1
nhatdm22022537,2023-05-12 01:25:23,1
nhatdm22022537,2023-05-12 01:23:23,8
nhatdm22022537,2023-05-11 12:59:23,9
nhatdm22022537,2023-05-08 10:41:31,2
nhatdm22022537,2023-05-08 10:19:12,1
nhatdm22022537,2023-05-08 10:00:54,2
nhatdm22022537,2023-05-08 09:56:18,11
nhatdm22022537,2023-05-08 09:28:46,2
nhatdm22022537,2023-05-08 09:26:57,2
nhatdm22022537,2023-05-08 09:21:27,9
nhatdm22022537,2023-05-08 08:22:01,8
nhatdm22022537,2023-05-05 07:33:58,1
nhatdm22022537,2023-05-05 07:04:16,8
nhatdm22022537,2023-04-28 09:25:23,1
nhatdm22022537,2023-04-28 09:22:45,1
nhatdm22022537,2023-04-28 09:19:40,1
nhatdm22022537,2023-04-28 09:13:07,1
nhatdm22022537,2023-04-28 09:05:54,1
nhatdm22022537,2023-04-28 09:01:06,1
nhatdm22022537,2023-04-28 08:44:48,1
nhatdm22022537,2023-04-28 08:38:19,1
nhatdm22022537,2023-04-28 08:22:42,5
nhatdm22022537,2023-04-28 08:19:18,10
nhatdm22022537,2023-04-28 07:49:59,1
nhatdm22022537,2023-04-28 07:45:22,3
nhatdm22022537,2023-04-28 07:33:44,1
nhatdm22022537,2023-04-28 07:14:59,1
nhatdm22022537,2023-04-28 07:10:21,2
nhatdm22022537,2023-04-28 06:51:43,1
nhatdm22022537,2023-04-28 06:22:41,12
nhatdm22022537,2023-04-28 06:08:34,1
nhatdm22022537,2023-04-28 06:05:17,2
nhatdm22022537,2023-04-24 10:48:02,13
nhatdm22022537,2023-04-21 08:41:17,1
nhatdm22022537,2023-04-21 08:40:53,5
nhatdm22022537,2023-04-21 08:21:35,8
nhatdm22022537,2023-04-17 04:15:19,18
manhbd-22022602,2023-05-25 18:03:55,1
manhbd-22022602,2023-05-22 09:09:36,1
manhbd-22022602,2023-05-22 09:06:47,1
manhbd-22022602,2023-05-22 09:05:33,2
manhbd-22022602,2023-05-22 09:04:00,2
manhbd-22022602,2023-05-19 06:09:25,3
manhbd-22022602,2023-05-19 06:05:49,18
manhbd-22022602,2023-05-18 17:59:02,1
manhbd-22022602,2023-05-18 17:57:18,17
manhbd-22022602,2023-05-15 10:15:29,1
manhbd-22022602,2023-05-15 09:51:35,1
manhbd-22022602,2023-05-15 09:51:04,2
manhbd-22022602,2023-05-15 09:35:21,1
manhbd-22022602,2023-05-15 09:27:49,1
manhbd-22022602,2023-05-15 08:17:32,1
manhbd-22022602,2023-05-15 08:14:40,10
manhbd-22022602,2023-05-14 16:49:02,1
manhbd-22022602,2023-05-14 16:46:58,9
manhbd-22022602,2023-05-12 08:14:05,1
manhbd-22022602,2023-05-12 08:08:14,1
manhbd-22022602,2023-05-12 07:44:25,1
manhbd-22022602,2023-05-12 06:18:37,8
manhbd-22022602,2023-05-12 02:35:29,1
manhbd-22022602,2023-05-12 01:25:23,1
manhbd-22022602,2023-05-12 01:23:23,8
manhbd-22022602,2023-05-11 12:59:23,9
manhbd-22022602,2023-05-08 10:25:54,3
manhbd-22022602,2023-05-08 10:25:35,1
manhbd-22022602,2023-05-08 10:22:46,3
manhbd-22022602,2023-05-08 10:19:12,1
manhbd-22022602,2023-05-08 09:43:45,1
manhbd-22022602,2023-05-08 09:37:57,1
manhbd-22022602,2023-05-08 09:33:47,2
manhbd-22022602,2023-05-08 09:28:46,2
manhbd-22022602,2023-05-08 09:26:57,2
manhbd-22022602,2023-05-08 09:23:34,9
manhbd-22022602,2023-05-08 09:21:27,9
manhbd-22022602,2023-05-05 09:13:30,1
manhbd-22022602,2023-05-05 09:08:57,0
manhbd-22022602,2023-05-05 09:04:03,1
manhbd-22022602,2023-05-05 09:02:58,1
manhbd-22022602,2023-05-05 08:44:28,1
manhbd-22022602,2023-05-05 08:41:47,1
manhbd-22022602,2023-05-05 08:38:23,1
manhbd-22022602,2023-05-05 08:36:21,1
manhbd-22022602,2023-05-05 08:11:31,5
manhbd-22022602,2023-05-05 07:33:58,1
manhbd-22022602,2023-05-05 07:06:36,8
manhbd-22022602,2023-05-05 07:04:16,8
manhbd-22022602,2023-05-02 14:29:07,4
manhbd-22022602,2023-04-28 08:07:07,7
manhbd-22022602,2023-04-28 07:49:59,1
manhbd-22022602,2023-04-28 07:45:22,3
manhbd-22022602,2023-04-28 07:33:44,1
manhbd-22022602,2023-04-28 07:20:31,15
manhbd-22022602,2023-04-28 07:14:59,1
manhbd-22022602,2023-04-28 07:10:21,2
manhbd-22022602,2023-04-28 06:55:02,1
manhbd-22022602,2023-04-28 06:51:43,1
manhbd-22022602,2023-04-28 06:13:05,12
manhbd-22022602,2023-04-28 06:08:34,1
manhbd-22022602,2023-04-28 06:05:17,2
manhbd-22022602,2023-04-24 10:48:02,13
manhbd-22022602,2023-04-21 08:49:55,1
manhbd-22022602,2023-04-21 08:40:53,5
manhbd-22022602,2023-04-21 08:39:04,1
manhbd-22022602,2023-04-21 08:21:35,8
manhbd-22022602,2023-04-17 04:15:19,18
Hanhdz123,2023-05-22 10:56:56,1
Hanhdz123,2023-05-22 10:49:41,2
Hanhdz123,2023-05-22 10:42:29,1
Hanhdz123,2023-05-22 10:37:56,1
Hanhdz123,2023-05-22 10:36:54,20
Hanhdz123,2023-05-22 10:18:44,2
Hanhdz123,2023-05-22 09:09:36,1
Hanhdz123,2023-05-22 09:06:47,1
Hanhdz123,2023-05-22 09:04:00,2
Hanhdz123,2023-05-19 08:17:13,1
Hanhdz123,2023-05-19 08:08:43,2
Hanhdz123,2023-05-19 07:48:12,1
Hanhdz123,2023-05-19 07:35:22,19
Hanhdz123,2023-05-19 07:29:32,27
Hanhdz123,2023-05-19 07:28:30,2
Hanhdz123,2023-05-19 06:38:09,11
Hanhdz123,2023-05-18 17:59:02,1
Hanhdz123,2023-05-18 17:57:18,17
Hanhdz123,2023-05-15 10:09:30,1
Hanhdz123,2023-05-15 10:01:46,4
Hanhdz123,2023-05-15 09:45:46,1
Hanhdz123,2023-05-15 09:43:23,18
Hanhdz123,2023-05-15 09:16:00,2
Hanhdz123,2023-05-14 16:49:02,1
Hanhdz123,2023-05-14 16:46:58,9
Hanhdz123,2023-05-12 07:20:03,5
Hanhdz123,2023-05-12 07:17:29,3
Hanhdz123,2023-05-12 07:08:39,35
Hanhdz123,2023-05-12 07:06:32,51
Hanhdz123,2023-05-12 06:48:33,40
Hanhdz123,2023-05-12 06:23:29,18
Hanhdz123,2023-05-12 02:35:29,1
Hanhdz123,2023-05-12 01:25:23,1
Hanhdz123,2023-05-12 01:23:23,8
Hanhdz123,2023-05-11 12:59:23,9
Hanhdz123,2023-05-08 10:19:12,1
Hanhdz123,2023-05-08 09:28:46,2
Hanhdz123,2023-05-08 09:26:57,2
Hanhdz123,2023-05-08 09:21:27,9
Hanhdz123,2023-05-08 09:08:05,69
Hanhdz123,2023-05-08 09:07:00,8
Hanhdz123,2023-05-05 07:33:58,1
Hanhdz123,2023-05-05 07:04:16,8
Hanhdz123,2023-04-28 09:40:54,5
Hanhdz123,2023-04-28 09:40:21,12
Hanhdz123,2023-04-28 09:39:41,18
Hanhdz123,2023-04-28 09:33:41,5
Hanhdz123,2023-04-28 09:33:32,6
Hanhdz123,2023-04-28 09:33:19,19
Hanhdz123,2023-04-28 09:32:53,7
Hanhdz123,2023-04-28 09:32:20,19
Hanhdz123,2023-04-28 08:43:41,5
Hanhdz123,2023-04-28 08:42:31,7
Hanhdz123,2023-04-28 08:41:42,19
Hanhdz123,2023-04-28 07:57:09,15
Hanhdz123,2023-04-28 07:49:59,1
Hanhdz123,2023-04-28 07:45:22,3
Hanhdz123,2023-04-28 07:33:44,1
Hanhdz123,2023-04-28 07:14:59,1
Hanhdz123,2023-04-28 07:10:21,2
Hanhdz123,2023-04-28 06:51:43,1
Hanhdz123,2023-04-28 06:08:34,1
Hanhdz123,2023-04-28 06:05:17,2
Hanhdz123,2023-04-24 10:48:02,13
Hanhdz123,2023-04-21 08:41:05,1
Hanhdz123,2023-04-21 08:40:53,5
Hanhdz123,2023-04-21 08:21:35,8
Hanhdz123,2023-04-17 04:15:19,18
